Company,Job Title,Location,Job Type,Experience,Skill 1,Skill 2,Skill 3,Skill 4,Skill 5,Skill 6,Perk 1,Perk 2,Perk 3,Perk 4,Perk 5,Perk 6,Required Skills,all_perks,tags
Zscaler,Data Science Intern- Undergrad (Summer 2023),"San Jose, CA, United States",Internship,Entry-level,Agile,Architecture,Data analysis,Data Analytics,Data strategy,Data visualization,Competitive pay,Equity,Health care,,,,"Agile, Architecture, Data analysis, Data Analytics, Data strategy, Data visualization","Competitive pay, Equity, Health care","data science intern- undergrad (summer 2023) agile, architecture, data analysis, data analytics, data strategy, data visualization"
RYTE Corporation,R&D Data Scientist Intern (Alternance),"Nice, Provence-Alpes-CÃ´te d'Azur, France",Internship,Entry-level,Big Data,Computer Science,Deep Learning,Engineering,Keras,Python,Career development,Flex vacation,,,,,"Big Data, Computer Science, Deep Learning, Engineering, Keras, Python","Career development, Flex vacation","r&d data scientist intern (alternance) big data, computer science, deep learning, engineering, keras, python"
SOMFY Group,Alternance Data Analyst (H/F),"Cluses, France",Full Time,Entry-level,Data analysis,Excel,Power BI,Python,R,R&D,Salary bonus,,,,,,"Data analysis, Excel, Power BI, Python, R, R&D",Salary bonus,"alternance data analyst (h/f) data analysis, excel, power bi, python, r, r&d"
RYTE Corporation,MLOps Engineer Intern (Alternance),"Nice, Provence-Alpes-CÃ´te d'Azur, France",Internship,Entry-level,Azure,Big Data,CI/CD,Computer Science,Databricks,Deep Learning,Career development,,,,,,"Azure, Big Data, CI/CD, Computer Science, Databricks, Deep Learning",Career development,"mlops engineer intern (alternance) azure, big data, ci/cd, computer science, databricks, deep learning"
RYTE Corporation,Data Scientist (NLP & ML) Intern (Alternance),"Nice, Provence-Alpes-CÃ´te d'Azur, France",Internship,Entry-level,Azure,Big Data,C++,Computer Science,Deep Learning,Docker,Career development,,,,,,"Azure, Big Data, C++, Computer Science, Deep Learning, Docker",Career development,"data scientist (nlp & ml) intern (alternance) azure, big data, c++, computer science, deep learning, docker"
Shadow,Data Analyst / Data Scientist Intern (H/F/X) - July 2023,Paris,Internship,Entry-level,Agile,Clustering,Data analysis,Data visualization,KPIs,Pandas,Career development,Flex hours,Flex vacation,,,,"Agile, Clustering, Data analysis, Data visualization, KPIs, Pandas","Career development, Flex hours, Flex vacation","data analyst / data scientist intern (h/f/x) - july 2023 agile, clustering, data analysis, data visualization, kpis, pandas"
Zuora,Data Science Intern,"Redwood City, California, United States",Internship,Entry-level,Avro,AWS,Computer Science,CSV,DynamoDB,Finance,Career development,Competitive pay,Health care,,,,"Avro, AWS, Computer Science, CSV, DynamoDB, Finance","Career development, Competitive pay, Health care","data science intern avro, aws, computer science, csv, dynamodb, finance"
Shippeo,Data Scientist - Internship,"Paris, France",Internship,Entry-level,A/B testing,Engineering,Machine Learning,ML models,MLOps,Model design,,,,,,,"A/B testing, Engineering, Machine Learning, ML models, MLOps, Model design",,"data scientist - internship a/b testing, engineering, machine learning, ml models, mlops, model design"
"6sense Insights, Inc.",Data Scientist Intern,"United States, Remote",Internship,Entry-level,APIs,Big Data,Business Analytics,Data analysis,Data Analytics,Data visualization,Career development,Gear,Health care,,,,"APIs, Big Data, Business Analytics, Data analysis, Data Analytics, Data visualization","Career development, Gear, Health care","data scientist intern apis, big data, business analytics, data analysis, data analytics, data visualization"
Chime,Data Analytics Intern,"San Francisco, CA",Internship,Entry-level,Banking,Data Analytics,Data visualization,Distributed Systems,Economics,FinTech,401(k) matching,Career development,Competitive pay,,,,"Banking, Data Analytics, Data visualization, Distributed Systems, Economics, FinTech","401(k) matching, Career development, Competitive pay","data analytics intern banking, data analytics, data visualization, distributed systems, economics, fintech"
Shippeo,INTERNSHIP: IT Project Manager - Data Integration (M/F/D),"Paris, France",Internship,Entry-level,Agile,Engineering,KPIs,,,,,,,,,,"Agile, Engineering, KPIs",,"internship: it project manager - data integration (m/f/d) agile, engineering, kpis"
Lacework,Analytics Engineer Intern,United States,Internship,Entry-level,BigQuery,Computer Science,Data analysis,Data warehouse,Engineering,Finance,,,,,,,"BigQuery, Computer Science, Data analysis, Data warehouse, Engineering, Finance",,"analytics engineer intern bigquery, computer science, data analysis, data warehouse, engineering, finance"
Illumio,"Data Analyst Intern, Business Intelligence","Sunnyvale, California",Internship,Entry-level,Business Intelligence,Data governance,Excel,Security,SQL,,Equity,,,,,,"Business Intelligence, Data governance, Excel, Security, SQL",Equity,"data analyst intern, business intelligence business intelligence, data governance, excel, security, sql"
Amazon.com,Applied Scientist Intern,"Bellevue, Washington, USA",Full Time,Entry-level,Big Data,Data Analytics,Data Mining,Engineering,Machine Learning,Mathematics,Career development,Equity,,,,,"Big Data, Data Analytics, Data Mining, Engineering, Machine Learning, Mathematics","Career development, Equity","applied scientist intern big data, data analytics, data mining, engineering, machine learning, mathematics"
OpenX,Intern - Machine Learning,Krakow,Internship,Entry-level,AWS,Azure,Big Data,Computer Science,Data analysis,Dataflow,Career development,Flex hours,Startup environment,,,,"AWS, Azure, Big Data, Computer Science, Data analysis, Dataflow","Career development, Flex hours, Startup environment","intern - machine learning aws, azure, big data, computer science, data analysis, dataflow"
Coda Payments,Data Science - Intern,"Kuala Lumpur, Malaysia",Internship,Entry-level,Classification,Computer Science,Engineering,Finance,FinTech,Machine Learning,Career development,Flex hours,,,,,"Classification, Computer Science, Engineering, Finance, FinTech, Machine Learning","Career development, Flex hours","data science - intern classification, computer science, engineering, finance, fintech, machine learning"
Kpler,Data Scientist - Internship,"Brussels, London, Paris, Vienna, Dubai, Houston, New â€¦",Internship,Entry-level,Data analysis,Data quality,Data visualization,Git,Machine Learning,ML models,,,,,,,"Data analysis, Data quality, Data visualization, Git, Machine Learning, ML models",,"data scientist - internship data analysis, data quality, data visualization, git, machine learning, ml models"
Publicis Groupe,Intern Program: Data Science Intern,"Atlanta, GA, United States",Internship,Entry-level,Cluster analysis,Data analysis,Privacy,SAS,Statistics,,Career development,Competitive pay,Equity,,,,"Cluster analysis, Data analysis, Privacy, SAS, Statistics","Career development, Competitive pay, Equity","intern program: data science intern cluster analysis, data analysis, privacy, sas, statistics"
Infinitus,ðŸ“ˆ NLP Research Intern,"San Francisco, CA",Internship,Entry-level,Conversational AI,Deep Learning,NLP,PhD,PyTorch,Research,Career development,Conferences,Startup environment,,,,"Conversational AI, Deep Learning, NLP, PhD, PyTorch, Research","Career development, Conferences, Startup environment","ðŸ“ˆ nlp research intern conversational ai, deep learning, nlp, phd, pytorch, research"
NBCUniversal,Act Two Program - Data Engineer,"Universal City, CALIFORNIA, United States",Full Time,Entry-level,Agile,Airflow,Big Data,Computer Science,Data Analytics,Data management,Career development,Flex hours,Flex vacation,,,,"Agile, Airflow, Big Data, Computer Science, Data Analytics, Data management","Career development, Flex hours, Flex vacation","act two program - data engineer agile, airflow, big data, computer science, data analytics, data management"
Visa,Intern Associate Data Analyst â€“ Undergrad â€“ Austin,"Austin, TX, United States",Internship,Entry-level,Computer Science,Data Analytics,Data visualization,Engineering,Excel,SQL,Equity,Health care,Insurance,,,,"Computer Science, Data Analytics, Data visualization, Engineering, Excel, SQL","Equity, Health care, Insurance","intern associate data analyst â€“ undergrad â€“ austin computer science, data analytics, data visualization, engineering, excel, sql"
Infinitus,ðŸ“Š Data Analyst Intern - Business & Product Ops,"San Francisco, CA",Internship,Entry-level,BigQuery,Conversational AI,Data visualization,Engineering,Excel,GCP,Startup environment,,,,,,"BigQuery, Conversational AI, Data visualization, Engineering, Excel, GCP",Startup environment,"ðŸ“Š data analyst intern - business & product ops bigquery, conversational ai, data visualization, engineering, excel, gcp"
Unbabel,AI Research Scientist Intern,"Lisbon, Lisbon, Portugal",Internship,Entry-level,Computer Science,Deep Learning,Engineering,Machine Learning,NLP,PhD,Career development,Competitive pay,Conferences,,,,"Computer Science, Deep Learning, Engineering, Machine Learning, NLP, PhD","Career development, Competitive pay, Conferences","ai research scientist intern computer science, deep learning, engineering, machine learning, nlp, phd"
Visa,Internship - Data Science (For Current Students),"Johannesburg, South Africa",Full Time,Entry-level,Big Data,Clustering,Computer Science,Data analysis,Data Mining,Econometrics,Career development,,,,,,"Big Data, Clustering, Computer Science, Data analysis, Data Mining, Econometrics",Career development,"internship - data science (for current students) big data, clustering, computer science, data analysis, data mining, econometrics"
METRO/MAKRO,STAGE 6 mois - Data Scientist Junior H/F,"Nanterre, France",Full Time,Entry-level,Big Data,Power BI,Python,R,SQL,,,,,,,,"Big Data, Power BI, Python, R, SQL",,"stage 6 mois - data scientist junior h/f big data, power bi, python, r, sql"
Bosch Group,Internship - Master Data Management,"Solothurn/Zuchwil, Switzerland",Internship,Entry-level,Data Analytics,Data management,Excel,Industrial,Spark,,Flex hours,Startup environment,,,,,"Data Analytics, Data management, Excel, Industrial, Spark","Flex hours, Startup environment","internship - master data management data analytics, data management, excel, industrial, spark"
Mercedes-Benz R&D North America,Machine Learning Intern,"Sunnyvale, CA",Internship,Entry-level,Agile,ANN,Architecture,Autonomous Driving,Computer Science,Data analysis,401(k) matching,Career development,Fitness / gym,,,,"Agile, ANN, Architecture, Autonomous Driving, Computer Science, Data analysis","401(k) matching, Career development, Fitness / gym","machine learning intern agile, ann, architecture, autonomous driving, computer science, data analysis"
Funding Societies,Data Science Intern,"Bengaluru, Karnataka, India - Remote",Internship,Entry-level,A/B testing,Computer Science,Data analysis,Data visualization,FinTech,Machine Learning,Career development,Flex hours,Flex vacation,,,,"A/B testing, Computer Science, Data analysis, Data visualization, FinTech, Machine Learning","Career development, Flex hours, Flex vacation","data science intern a/b testing, computer science, data analysis, data visualization, fintech, machine learning"
"Cloudflare, Inc.",Data Engineering Internship,"Lisbon, Portugal",Internship,Entry-level,Angular,APIs,Architecture,Computer Science,Data Analytics,Engineering,,,,,,,"Angular, APIs, Architecture, Computer Science, Data Analytics, Engineering",,"data engineering internship angular, apis, architecture, computer science, data analytics, engineering"
Bosch Group,[Intern] AI/ Computer Vision Engineer,"TÃ¢n BÃ¬nh, Vietnam",Full Time,Entry-level,Computer Science,Computer Vision,Consulting,Deep Learning,Economics,Engineering,Career development,Team events,,,,,"Computer Science, Computer Vision, Consulting, Deep Learning, Economics, Engineering","Career development, Team events","[intern] ai/ computer vision engineer computer science, computer vision, consulting, deep learning, economics, engineering"
RYTE Corporation,R&D Data Scientist Intern (Alternance),"Paris, ÃŽle-de-France, France",Internship,Entry-level,Big Data,Computer Science,Deep Learning,Engineering,Keras,Python,Career development,Flex vacation,,,,,"Big Data, Computer Science, Deep Learning, Engineering, Keras, Python","Career development, Flex vacation","r&d data scientist intern (alternance) big data, computer science, deep learning, engineering, keras, python"
Amazon.com,"Software Development Engineer Intern (Summer 2023) - Machine Learning Apps, Acceleration, Annapurna Labs","Austin, Texas, USA",Full Time,Entry-level,AWS,Computer Science,Deep Learning,Distributed Systems,EC2,Engineering,Career development,Conferences,,,,,"AWS, Computer Science, Deep Learning, Distributed Systems, EC2, Engineering","Career development, Conferences","software development engineer intern (summer 2023) - machine learning apps, acceleration, annapurna labs aws, computer science, deep learning, distributed systems, ec2, engineering"
RYTE Corporation,Data Scientist (NLP & ML) Intern (Alternance),"Paris, ÃŽle-de-France, France",Internship,Entry-level,Azure,Big Data,C++,Computer Science,Deep Learning,Docker,Career development,,,,,,"Azure, Big Data, C++, Computer Science, Deep Learning, Docker",Career development,"data scientist (nlp & ml) intern (alternance) azure, big data, c++, computer science, deep learning, docker"
Sia Partners,Stage de fin d'Ã©tudes - Consultant(e) Data Management,"Paris, France",Full Time,Entry-level,APIs,Architecture,AWS,Azure,Big Data,Business Intelligence,,,,,,,"APIs, Architecture, AWS, Azure, Big Data, Business Intelligence",,"stage de fin d'Ã©tudes - consultant(e) data management apis, architecture, aws, azure, big data, business intelligence"
RYTE Corporation,MLOps Engineer Intern (Alternance),"Paris, ÃŽle-de-France, France",Internship,Entry-level,Azure,Big Data,CI/CD,Computer Science,Databricks,Deep Learning,Career development,,,,,,"Azure, Big Data, CI/CD, Computer Science, Databricks, Deep Learning",Career development,"mlops engineer intern (alternance) azure, big data, ci/cd, computer science, databricks, deep learning"
SOMFY Group,Alternance Data Analyst (H/F),"Cluses, France",Full Time,Entry-level,Data analysis,Excel,Power BI,Python,R,R&D,Salary bonus,,,,,,"Data analysis, Excel, Power BI, Python, R, R&D",Salary bonus,"alternance data analyst (h/f) data analysis, excel, power bi, python, r, r&d"
EcoVadis,Data Management Intern (12 months Internship),"EbÃ¨ne, Mauritius",Internship,Entry-level,Classification,Data management,Excel,Research,,,Career development,Flex hours,Health care,,,,"Classification, Data management, Excel, Research","Career development, Flex hours, Health care","data management intern (12 months internship) classification, data management, excel, research"
OpenX,"Intern, ML Ops",New York City,Internship,Entry-level,AWS,Azure,Computer Science,Docker,GCP,Google Cloud,Career development,Startup environment,,,,,"AWS, Azure, Computer Science, Docker, GCP, Google Cloud","Career development, Startup environment","intern, ml ops aws, azure, computer science, docker, gcp, google cloud"
Bosch Group,Website & Data analyses - Internship EU student,"Breda, Netherlands",Full Time,Entry-level,E-commerce,Research,Testing,,,,Flex hours,,,,,,"E-commerce, Research, Testing",Flex hours,"website & data analyses - internship eu student e-commerce, research, testing"
HeadLight Technologies Inc.,Computer Vision Intern,"Seattle, Washington, United States - Remote",Internship,Entry-level,Computer Vision,Consulting,Engineering,Machine Learning,,,Career development,,,,,,"Computer Vision, Consulting, Engineering, Machine Learning",Career development,"computer vision intern computer vision, consulting, engineering, machine learning"
Trust Lab,"Data Science Intern | Social Media Analysis | US, Canada, UK, Germany",Anywhere,Internship,Entry-level,AWS,Data analysis,Data visualization,Engineering,Machine intelligence,Machine Learning,Flex hours,Startup environment,,,,,"AWS, Data analysis, Data visualization, Engineering, Machine intelligence, Machine Learning","Flex hours, Startup environment","data science intern | social media analysis | us, canada, uk, germany aws, data analysis, data visualization, engineering, machine intelligence, machine learning"
TuneIn,Data Science Intern,"San Francisco, CA",Internship,Entry-level,Computer Science,Data Mining,Deep Learning,Engineering,Excel,KPIs,Career development,,,,,,"Computer Science, Data Mining, Deep Learning, Engineering, Excel, KPIs",Career development,"data science intern computer science, data mining, deep learning, engineering, excel, kpis"
Deep6.ai,"Machine Learning Engineer, Comprehension Intern","Remote or Pasadena, CA",Internship,Entry-level,Computer Science,ETL,Machine Learning,Mathematics,NLP,OOP,Career development,Competitive pay,Startup environment,,,,"Computer Science, ETL, Machine Learning, Mathematics, NLP, OOP","Career development, Competitive pay, Startup environment","machine learning engineer, comprehension intern computer science, etl, machine learning, mathematics, nlp, oop"
Deep6.ai,"Data Analyst, Search Intern","Remote or Pasadena, CA",Internship,Entry-level,Business Analytics,Computer Science,Machine Learning,Mathematics,NLP,Python,Competitive pay,Startup environment,,,,,"Business Analytics, Computer Science, Machine Learning, Mathematics, NLP, Python","Competitive pay, Startup environment","data analyst, search intern business analytics, computer science, machine learning, mathematics, nlp, python"
Motional,Summer 2023: Machine Learning Intern,"Pittsburgh, Pennsylvania, United States",Internship,Entry-level,Architecture,Autonomous Driving,Computer Science,Data Mining,Distributed Systems,Machine Learning,401(k) matching,Career development,Equity,,,,"Architecture, Autonomous Driving, Computer Science, Data Mining, Distributed Systems, Machine Learning","401(k) matching, Career development, Equity","summer 2023: machine learning intern architecture, autonomous driving, computer science, data mining, distributed systems, machine learning"
Kinaxis,"Co-Op/Intern Software Engineer, AI Platform","Toronto, Canada; Remote, Canada",Internship,Entry-level,Big Data,Bitbucket,DevOps,Engineering,GitHub,Industrial,,,,,,,"Big Data, Bitbucket, DevOps, Engineering, GitHub, Industrial",,"co-op/intern software engineer, ai platform big data, bitbucket, devops, engineering, github, industrial"
Deutsche Telekom IT Solutions,Data Science Trainee - REF1574S,"Budapest, Debrecen, Szeged, PÃ©cs, Hungary",Full Time,Entry-level,Agile,Computer Science,Jira,Kanban,Keras,Machine Learning,Team events,,,,,,"Agile, Computer Science, Jira, Kanban, Keras, Machine Learning",Team events,"data science trainee - ref1574s agile, computer science, jira, kanban, keras, machine learning"
SOMFY Group,Data Analyst (6 month internship) (M/F),"Cluses, France",Internship,Entry-level,Data management,Data quality,R,R&D,Testing,,Career development,,,,,,"Data management, Data quality, R, R&D, Testing",Career development,"data analyst (6 month internship) (m/f) data management, data quality, r, r&d, testing"
Visa,"Intern, Associate Data Analyst","Austin, TX, United States",Internship,Entry-level,Computer Science,Data Analytics,Data visualization,Engineering,Excel,SQL,Equity,Health care,Insurance,,,,"Computer Science, Data Analytics, Data visualization, Engineering, Excel, SQL","Equity, Health care, Insurance","intern, associate data analyst computer science, data analytics, data visualization, engineering, excel, sql"
Charles River Analytics Inc.,Natural Language Processing Intern,"Cambridge, MA",Internship,Entry-level,Computer Science,LLMs,Machine Learning,NLP,OOP,Prototyping,Career development,Flex vacation,Snacks / Drinks,,,,"Computer Science, LLMs, Machine Learning, NLP, OOP, Prototyping","Career development, Flex vacation, Snacks / Drinks","natural language processing intern computer science, llms, machine learning, nlp, oop, prototyping"
Spendesk,Data Scientist Intern,Paris,Internship,Entry-level,Classification,Computer Science,Data visualization,Deep Learning,Finance,Linear algebra,Career development,Gear,Health care,,,,"Classification, Computer Science, Data visualization, Deep Learning, Finance, Linear algebra","Career development, Gear, Health care","data scientist intern classification, computer science, data visualization, deep learning, finance, linear algebra"
Amazon.com,Amazon Robotics - Applied Scientist Intern - 2023,"Westborough, Massachusetts, USA",Full Time,Entry-level,Computer Science,Computer Vision,Engineering,Machine Learning,Mathematics,PhD,,,,,,,"Computer Science, Computer Vision, Engineering, Machine Learning, Mathematics, PhD",,"amazon robotics - applied scientist intern - 2023 computer science, computer vision, engineering, machine learning, mathematics, phd"
"DataCamp, Inc.",Machine Learning Content Development Intern,United Kingdom or Belgium,Internship,Entry-level,Engineering,GitHub,Machine Learning,MLFlow,Python,Teaching,Career development,Competitive pay,Equity,,,,"Engineering, GitHub, Machine Learning, MLFlow, Python, Teaching","Career development, Competitive pay, Equity","machine learning content development intern engineering, github, machine learning, mlflow, python, teaching"
Visium,Junior Machine Learning Engineer - ZÃ¼rich (internship),"ZÃ¼rich, Zurich, Switzerland",Internship,Entry-level,Classification,Clustering,Computer Science,D3,Deep Learning,Engineering,Career development,Startup environment,Team events,,,,"Classification, Clustering, Computer Science, D3, Deep Learning, Engineering","Career development, Startup environment, Team events","junior machine learning engineer - zÃ¼rich (internship) classification, clustering, computer science, d3, deep learning, engineering"
OpenX,Data Scientist - Intern,"Los Angeles, CA",Internship,Entry-level,Architecture,AWS,Big Data,Computer Science,Data analysis,GCP,Career development,Startup environment,,,,,"Architecture, AWS, Big Data, Computer Science, Data analysis, GCP","Career development, Startup environment","data scientist - intern architecture, aws, big data, computer science, data analysis, gcp"
Blueground,Data Analysis Intern - Istanbul,"Ä°stanbul, Ä°stanbul, Turkey",Internship,Entry-level,Business Intelligence,Data analysis,Data Analytics,Data quality,Engineering,Excel,Career development,Competitive pay,Flex hours,,,,"Business Intelligence, Data analysis, Data Analytics, Data quality, Engineering, Excel","Career development, Competitive pay, Flex hours","data analysis intern - istanbul business intelligence, data analysis, data analytics, data quality, engineering, excel"
Visium,Junior Machine Learning Engineer - Lausanne (internship),"Lausanne, Vaud, Switzerland",Internship,Entry-level,Classification,Clustering,Computer Science,D3,Deep Learning,Engineering,Career development,Startup environment,Team events,,,,"Classification, Clustering, Computer Science, D3, Deep Learning, Engineering","Career development, Startup environment, Team events","junior machine learning engineer - lausanne (internship) classification, clustering, computer science, d3, deep learning, engineering"
Steel Perlot,Sports Data Science Intern,"Los Angeles, California, San Francisco, California, New â€¦",Internship,Entry-level,Bayesian,CI/CD,Computer Science,Data analysis,Data management,Engineering,401(k) matching,Career development,Competitive pay,,,,"Bayesian, CI/CD, Computer Science, Data analysis, Data management, Engineering","401(k) matching, Career development, Competitive pay","sports data science intern bayesian, ci/cd, computer science, data analysis, data management, engineering"
Scandit,Computer Vision / Machine Learning Intern,ZÃ¼rich,Internship,Entry-level,C++,Computer Science,Computer Vision,Machine Learning,ML models,NLP,Career development,Startup environment,Team events,,,,"C++, Computer Science, Computer Vision, Machine Learning, ML models, NLP","Career development, Startup environment, Team events","computer vision / machine learning intern c++, computer science, computer vision, machine learning, ml models, nlp"
CGG,Machine Learning Engineer 2023 Internship Programme (6 months),"Crawley, United Kingdom",Internship,Entry-level,C++,Computer Science,Deep Learning,HPC,Machine Learning,Mathematics,Career development,Competitive pay,Fitness / gym,,,,"C++, Computer Science, Deep Learning, HPC, Machine Learning, Mathematics","Career development, Competitive pay, Fitness / gym","machine learning engineer 2023 internship programme (6 months) c++, computer science, deep learning, hpc, machine learning, mathematics"
Publicis Groupe,Junior Data Analyst - Extra Curricular Internship,"Torino, Italy",Full Time,Entry-level,Big Data,Computer Science,Consulting,Data analysis,Data Mining,Data quality,Flex hours,Wellness,,,,,"Big Data, Computer Science, Consulting, Data analysis, Data Mining, Data quality","Flex hours, Wellness","junior data analyst - extra curricular internship big data, computer science, consulting, data analysis, data mining, data quality"
Bosch Group,Intern for AI Machine Learning - AquaEasy,"Singapore, Singapore",Full Time,Entry-level,Data analysis,Data visualization,Machine Learning,Python,R,R&D,Career development,,,,,,"Data analysis, Data visualization, Machine Learning, Python, R, R&D",Career development,"intern for ai machine learning - aquaeasy data analysis, data visualization, machine learning, python, r, r&d"
Censys,2023 Software Engineering Internship - Data Engineer,"Ann Arbor, Michigan, United States",Internship,Entry-level,ANN,Engineering,Golang,Helm,Python,Research,Competitive pay,Home office stipend,Startup environment,,,,"ANN, Engineering, Golang, Helm, Python, Research","Competitive pay, Home office stipend, Startup environment","2023 software engineering internship - data engineer ann, engineering, golang, helm, python, research"
Bosch Group,[Intern] AI/ Computer Vision Engineer,"TÃ¢n BÃ¬nh, Vietnam",Full Time,Entry-level,Computer Science,Computer Vision,Consulting,Deep Learning,Economics,Engineering,Career development,Team events,,,,,"Computer Science, Computer Vision, Consulting, Deep Learning, Economics, Engineering","Career development, Team events","[intern] ai/ computer vision engineer computer science, computer vision, consulting, deep learning, economics, engineering"
Publicis Groupe,"Intern, Data Science & Analytics","Miami, FL, United States",Internship,Entry-level,Data strategy,Data Studio,Excel,Power BI,Python,Research,Flex hours,Flex vacation,Insurance,,,,"Data strategy, Data Studio, Excel, Power BI, Python, Research","Flex hours, Flex vacation, Insurance","intern, data science & analytics data strategy, data studio, excel, power bi, python, research"
Bosch Group,Internship for BigData Analysis in the areas of Project Management and SW Development Metrics,"Abstatt, Germany",Internship,Entry-level,Azure,Big Data,Computer Science,Data analysis,Engineering,Excel,Career development,Team events,,,,,"Azure, Big Data, Computer Science, Data analysis, Engineering, Excel","Career development, Team events","internship for bigdata analysis in the areas of project management and sw development metrics azure, big data, computer science, data analysis, engineering, excel"
Informa Group Plc.,Data Analytics Intern (Summer 2023),"Washington, DC, United States",Internship,Entry-level,Big Data,BigQuery,Computer Science,Data analysis,Data Analytics,Data Studio,Competitive pay,Startup environment,,,,,"Big Data, BigQuery, Computer Science, Data analysis, Data Analytics, Data Studio","Competitive pay, Startup environment","data analytics intern (summer 2023) big data, bigquery, computer science, data analysis, data analytics, data studio"
Facilities Management Express,Customer Data Specialist Intern,"Columbus, Ohio, United States - Remote",Internship,Entry-level,Airtable,APIs,Business Analytics,Business Intelligence,Data visualization,ETL,Career development,Competitive pay,Flex vacation,,,,"Airtable, APIs, Business Analytics, Business Intelligence, Data visualization, ETL","Career development, Competitive pay, Flex vacation","customer data specialist intern airtable, apis, business analytics, business intelligence, data visualization, etl"
AppLovin,Project Manager Intern - SparkLabs,San Francisco Bay Area,Internship,Entry-level,Excel,Jira,Privacy,Testing,,,Career development,,,,,,"Excel, Jira, Privacy, Testing",Career development,"project manager intern - sparklabs excel, jira, privacy, testing"
"Chemix, Inc.",Machine Learning Research Engineer Internship,"Sunnyvale, California, United States",Internship,Entry-level,Chemistry,CI/CD,Git,Machine Learning,ML models,NumPy,401(k) matching,Career development,Equity,,,,"Chemistry, CI/CD, Git, Machine Learning, ML models, NumPy","401(k) matching, Career development, Equity","machine learning research engineer internship chemistry, ci/cd, git, machine learning, ml models, numpy"
Lyft,"Canada - Early Talent - Data Science Intern, Decisions-Product - Montreal, Canada (Summer 2023)","Montreal, Canada",Internship,Entry-level,A/B testing,Biology,Computer Science,Economics,Engineering,Mathematics,Health care,Startup environment,,,,,"A/B testing, Biology, Computer Science, Economics, Engineering, Mathematics","Health care, Startup environment","canada - early talent - data science intern, decisions-product - montreal, canada (summer 2023) a/b testing, biology, computer science, economics, engineering, mathematics"
EcoVadis,Data Management Intern (12 months Internship),"EbÃ¨ne, Mauritius",Internship,Entry-level,Classification,Data management,Excel,Research,,,Career development,Flex hours,Health care,,,,"Classification, Data management, Excel, Research","Career development, Flex hours, Health care","data management intern (12 months internship) classification, data management, excel, research"
"Chemix, Inc.",Battery Data Science Intern,"Sunnyvale, California, United States",Internship,Entry-level,Chemistry,CI/CD,Computer Science,Data pipelines,Engineering,Git,401(k) matching,Career development,Equity,,,,"Chemistry, CI/CD, Computer Science, Data pipelines, Engineering, Git","401(k) matching, Career development, Equity","battery data science intern chemistry, ci/cd, computer science, data pipelines, engineering, git"
Roofstock,Data Engineering Intern,"Oakland, CA",Internship,Entry-level,Computer Science,Engineering,Python,RDBMS,Scala,SQL,Competitive pay,Startup environment,,,,,"Computer Science, Engineering, Python, RDBMS, Scala, SQL","Competitive pay, Startup environment","data engineering intern computer science, engineering, python, rdbms, scala, sql"
SOMFY Group,Data Analyst (6 month internship) (M/F),"Cluses, France",Internship,Entry-level,Data management,Data quality,Industrial,R,R&D,Testing,Career development,,,,,,"Data management, Data quality, Industrial, R, R&D, Testing",Career development,"data analyst (6 month internship) (m/f) data management, data quality, industrial, r, r&d, testing"
Verily,"Data Science Intern, Registries and Real World Data","South San Francisco, CA",Internship,Entry-level,Biology,Computer Science,Data quality,Engineering,Machine Learning,Mathematics,Career development,Competitive pay,Equity,,,,"Biology, Computer Science, Data quality, Engineering, Machine Learning, Mathematics","Career development, Competitive pay, Equity","data science intern, registries and real world data biology, computer science, data quality, engineering, machine learning, mathematics"
Bandwidth,Network Data Science Intern,"Austin, TX",Internship,Entry-level,APIs,Privacy,,,,,Flex vacation,Health care,Unlimited paid time off,,,,"APIs, Privacy","Flex vacation, Health care, Unlimited paid time off","network data science intern apis, privacy"
Deutsche Telekom IT Solutions,Data Science Trainee - REF1574S,"Budapest, Debrecen, Szeged, PÃ©cs, Hungary",Full Time,Entry-level,Agile,Computer Science,Jira,Kanban,Keras,Machine Learning,Team events,,,,,,"Agile, Computer Science, Jira, Kanban, Keras, Machine Learning",Team events,"data science trainee - ref1574s agile, computer science, jira, kanban, keras, machine learning"
ALTEN,Stage - IngÃ©nieur vÃ©hicule autonome,"SÃ¨vres, France",Full Time,Entry-level,Python,R,R&D,,,,Career development,,,,,,"Python, R, R&D",Career development,"stage - ingÃ©nieur vÃ©hicule autonome python, r, r&d"
Verily,"Data Science Intern, Computational Biology","South San Francisco, CA",Internship,Entry-level,Architecture,Biology,Computer Science,Data analysis,EDA,Engineering,Career development,Competitive pay,Health care,,,,"Architecture, Biology, Computer Science, Data analysis, EDA, Engineering","Career development, Competitive pay, Health care","data science intern, computational biology architecture, biology, computer science, data analysis, eda, engineering"
ServiceNow,"Data Analytics Intern, Innovation Operations","Santa Clara, CALIFORNIA, United States",Internship,Entry-level,Computer Science,Data Analytics,Data visualization,Economics,Excel,Finance,401(k) matching,Competitive pay,Equity,,,,"Computer Science, Data Analytics, Data visualization, Economics, Excel, Finance","401(k) matching, Competitive pay, Equity","data analytics intern, innovation operations computer science, data analytics, data visualization, economics, excel, finance"
Bosch Group,2023 Co-op Student - Digital Automation -- Data Analyst (May- Nov),"Oakbrook Terrace, IL, United States",Full Time,Entry-level,Computer Science,Engineering,Excel,Industrial,KNIME,Mathematics,Team events,,,,,,"Computer Science, Engineering, Excel, Industrial, KNIME, Mathematics",Team events,"2023 co-op student - digital automation -- data analyst (may- nov) computer science, engineering, excel, industrial, knime, mathematics"
G2,Summer Intern: Data Science,Chicago,Internship,Entry-level,AWS,Data analysis,EDA,Machine Learning,ML infrastructure,NLP,Career development,Flex vacation,Parental leave,,,,"AWS, Data analysis, EDA, Machine Learning, ML infrastructure, NLP","Career development, Flex vacation, Parental leave","summer intern: data science aws, data analysis, eda, machine learning, ml infrastructure, nlp"
METRO/MAKRO,STAGE 6 mois - Data Scientist Junior H/F,"Nanterre, France",Full Time,Entry-level,Big Data,Power BI,Python,R,SQL,,,,,,,,"Big Data, Power BI, Python, R, SQL",,"stage 6 mois - data scientist junior h/f big data, power bi, python, r, sql"
"Cloudflare, Inc.",Data Engineer - Intern (Summer 2023),San Francisco or Austin,Internship,Entry-level,Angular,APIs,Architecture,Computer Science,Data Analytics,Engineering,,,,,,,"Angular, APIs, Architecture, Computer Science, Data Analytics, Engineering",,"data engineer - intern (summer 2023) angular, apis, architecture, computer science, data analytics, engineering"
Back Market,Business Data Analyst Intern (APAC),Paris,Internship,Entry-level,Consulting,Data visualization,KPIs,Python,SQL,Tableau,Flex hours,Health care,Insurance,,,,"Consulting, Data visualization, KPIs, Python, SQL, Tableau","Flex hours, Health care, Insurance","business data analyst intern (apac) consulting, data visualization, kpis, python, sql, tableau"
Voodoo,Junior Data Analyst (end-of-studies internship),Paris,Internship,Entry-level,Consulting,Engineering,Excel,Machine Learning,Mathematics,SQL,Career development,Competitive pay,Lunch / meals,,,,"Consulting, Engineering, Excel, Machine Learning, Mathematics, SQL","Career development, Competitive pay, Lunch / meals","junior data analyst (end-of-studies internship) consulting, engineering, excel, machine learning, mathematics, sql"
Wavestone,Consultant.e.s â€“ Stage/Alternance -  IT & Data Architecture,"Nantes, France",Full Time,Entry-level,APIs,Architecture,AWS,Azure,Big Data,DevOps,,,,,,,"APIs, Architecture, AWS, Azure, Big Data, DevOps",,"consultant.e.s â€“ stage/alternance -  it & data architecture apis, architecture, aws, azure, big data, devops"
Deezer,Product Data Analyst Intern m/f/d,"Paris, France",Internship,Entry-level,Data analysis,Data pipelines,Data visualization,KPIs,Pipelines,Python,Career development,Health care,Insurance,,,,"Data analysis, Data pipelines, Data visualization, KPIs, Pipelines, Python","Career development, Health care, Insurance","product data analyst intern m/f/d data analysis, data pipelines, data visualization, kpis, pipelines, python"
Amazon.com,2023 Business Intelligence Engineer Internship,"Milan, Lombardy, ITA",Full Time,Entry-level,AWS,Business Intelligence,Computer Science,Data Mining,Data pipelines,Data warehouse,Career development,Competitive pay,Flex hours,,,,"AWS, Business Intelligence, Computer Science, Data Mining, Data pipelines, Data warehouse","Career development, Competitive pay, Flex hours","2023 business intelligence engineer internship aws, business intelligence, computer science, data mining, data pipelines, data warehouse"
Syngenta Group,Data Scientist Trainee (m/w/d),"Frankfurt am Main, Germany",Full Time,Entry-level,AWS,Big Data,Data Mining,Deep Learning,Machine Learning,NoSQL,,,,,,,"AWS, Big Data, Data Mining, Deep Learning, Machine Learning, NoSQL",,"data scientist trainee (m/w/d) aws, big data, data mining, deep learning, machine learning, nosql"
Publicis Groupe,"Data Science & Analytics, Summer Intern","Springdale, AR, United States",Internship,Entry-level,Data visualization,Excel,Mathematics,Statistics,STEM,Tableau,Career development,Home office stipend,Insurance,,,,"Data visualization, Excel, Mathematics, Statistics, STEM, Tableau","Career development, Home office stipend, Insurance","data science & analytics, summer intern data visualization, excel, mathematics, statistics, stem, tableau"
Wavestone,Business Intelligence & Data Visualization,"Paris, France",Full Time,Entry-level,Agile,Business Intelligence,Data visualization,Machine Learning,Research,UX,,,,,,,"Agile, Business Intelligence, Data visualization, Machine Learning, Research, UX",,"business intelligence & data visualization agile, business intelligence, data visualization, machine learning, research, ux"
Moloco,Data Analyst Intern - Singapore,"Singapore, Central Singapore, Singapore",Internship,Entry-level,Data analysis,GCP,Google Cloud,Machine Learning,ML models,Python,Career development,,,,,,"Data analysis, GCP, Google Cloud, Machine Learning, ML models, Python",Career development,"data analyst intern - singapore data analysis, gcp, google cloud, machine learning, ml models, python"
Funding Societies,Data Analyst Intern,"Bangkok, Bangkok, Thailand - Remote",Internship,Entry-level,Business Intelligence,Data Analytics,Data visualization,Data warehouse,Finance,FinTech,Career development,Flex hours,Flex vacation,,,,"Business Intelligence, Data Analytics, Data visualization, Data warehouse, Finance, FinTech","Career development, Flex hours, Flex vacation","data analyst intern business intelligence, data analytics, data visualization, data warehouse, finance, fintech"
Guardant Health,Machine Learning/Artificial Intelligence Intern,"Palo Alto, CA, United States",Internship,Entry-level,Biology,Computer Science,HPC,Linux,Machine Learning,NLP,Career development,Equity,Health care,,,,"Biology, Computer Science, HPC, Linux, Machine Learning, NLP","Career development, Equity, Health care","machine learning/artificial intelligence intern biology, computer science, hpc, linux, machine learning, nlp"
Merlin Labs,"NLP Software Engineer, Intern",Boston,Internship,Entry-level,BERT,Computer Science,Data analysis,GitHub,GPT,Machine Learning,401(k) matching,Career development,Health care,,,,"BERT, Computer Science, Data analysis, GitHub, GPT, Machine Learning","401(k) matching, Career development, Health care","nlp software engineer, intern bert, computer science, data analysis, github, gpt, machine learning"
Snowflake Inc.,Data Engineer - Intern,"Pune, India",Internship,Entry-level,Airflow,APIs,AWS,Azure,Computer Science,Data pipelines,,,,,,,"Airflow, APIs, AWS, Azure, Computer Science, Data pipelines",,"data engineer - intern airflow, apis, aws, azure, computer science, data pipelines"
Outrider,"Perception Intern, Deep Learning Data","Brighton, Colorado",Internship,Entry-level,AWS,Deep Learning,Docker,Git,Lidar,Python,,,,,,,"AWS, Deep Learning, Docker, Git, Lidar, Python",,"perception intern, deep learning data aws, deep learning, docker, git, lidar, python"
Moloco,Data Analyst Intern - Korea,"Gangnam-gu, Seoul, South Korea",Internship,Entry-level,Data analysis,GCP,Google Cloud,Machine Learning,ML models,Python,Career development,,,,,,"Data analysis, GCP, Google Cloud, Machine Learning, ML models, Python",Career development,"data analyst intern - korea data analysis, gcp, google cloud, machine learning, ml models, python"
Bosch Group,[Intern] AI/ Computer Vision Engineer,"TÃ¢n BÃ¬nh, Vietnam",Full Time,Entry-level,Computer Science,Computer Vision,Consulting,Deep Learning,Economics,Engineering,Career development,Team events,,,,,"Computer Science, Computer Vision, Consulting, Deep Learning, Economics, Engineering","Career development, Team events","[intern] ai/ computer vision engineer computer science, computer vision, consulting, deep learning, economics, engineering"
Bosch Group,"Intern, AI research engineer","Singapore, Singapore",Internship,Entry-level,Computer Science,Computer Vision,Deep Learning,Engineering,Industrial,Machine Learning,Career development,,,,,,"Computer Science, Computer Vision, Deep Learning, Engineering, Industrial, Machine Learning",Career development,"intern, ai research engineer computer science, computer vision, deep learning, engineering, industrial, machine learning"
Western Digital,"Phd -Interns, Data Scientist","Bengaluru, India",Full Time,Entry-level,Agile,Architecture,Classification,Data Mining,Data pipelines,Deep Learning,,,,,,,"Agile, Architecture, Classification, Data Mining, Data pipelines, Deep Learning",,"phd -interns, data scientist agile, architecture, classification, data mining, data pipelines, deep learning"
SchrÃ¶dinger,Computational Biology Intern,New York,Internship,Entry-level,Biology,Computer Science,Deep Learning,Drug discovery,Machine Learning,Python,401(k) matching,Career development,Competitive pay,,,,"Biology, Computer Science, Deep Learning, Drug discovery, Machine Learning, Python","401(k) matching, Career development, Competitive pay","computational biology intern biology, computer science, deep learning, drug discovery, machine learning, python"
Amazon.com,Amazon Robotics - Applied Scientist Intern/Co-op - 2023,"Westborough, Massachusetts, USA",Full Time,Entry-level,Computer Science,Computer Vision,Engineering,Machine Learning,Mathematics,PhD,,,,,,,"Computer Science, Computer Vision, Engineering, Machine Learning, Mathematics, PhD",,"amazon robotics - applied scientist intern/co-op - 2023 computer science, computer vision, engineering, machine learning, mathematics, phd"
Block,PhD Machine Learning Engineer Intern (Summer 2023),"San Francisco, CA, United States",Internship,Entry-level,Architecture,AWS,Banking,Blockchain,Computer Science,Crypto,Career development,Equity,Health care,,,,"Architecture, AWS, Banking, Blockchain, Computer Science, Crypto","Career development, Equity, Health care","phd machine learning engineer intern (summer 2023) architecture, aws, banking, blockchain, computer science, crypto"
Chime,Reporting and Data Infrastructure Intern,"Remote, San Francisco",Internship,Entry-level,Banking,Computer Science,Data governance,FinTech,LookML,Privacy,401(k) matching,Career development,Competitive pay,,,,"Banking, Computer Science, Data governance, FinTech, LookML, Privacy","401(k) matching, Career development, Competitive pay","reporting and data infrastructure intern banking, computer science, data governance, fintech, lookml, privacy"
Jump Trading,Campus | Data Engineer (Intern),Singapore,Internship,Entry-level,Data Analytics,Economics,Engineering,Finance,Linux,MySQL,Career development,,,,,,"Data Analytics, Economics, Engineering, Finance, Linux, MySQL",Career development,"campus | data engineer (intern) data analytics, economics, engineering, finance, linux, mysql"
"Cloudflare, Inc.",Data Analyst Intern (Summer 2023),Remote US,Internship,Entry-level,Big Data,BigQuery,Computer Science,Data Analytics,Engineering,Finance,Career development,Startup environment,,,,,"Big Data, BigQuery, Computer Science, Data Analytics, Engineering, Finance","Career development, Startup environment","data analyst intern (summer 2023) big data, bigquery, computer science, data analytics, engineering, finance"
Block,Data Science Intern (Summer 2023),"San Francisco, CA, United States",Internship,Entry-level,A/B testing,Airflow,Banking,BigQuery,Blockchain,Computer Science,Career development,Equity,Flex vacation,,,,"A/B testing, Airflow, Banking, BigQuery, Blockchain, Computer Science","Career development, Equity, Flex vacation","data science intern (summer 2023) a/b testing, airflow, banking, bigquery, blockchain, computer science"
GoodRx,Data Engineer Internship,"Santa Monica, CA",Internship,Entry-level,AWS,Data pipelines,DevOps,Engineering,ETL,Excel,Health care,,,,,,"AWS, Data pipelines, DevOps, Engineering, ETL, Excel",Health care,"data engineer internship aws, data pipelines, devops, engineering, etl, excel"
Chime,Data Analytics Intern: Consumer Economics,"San Francisco, CA",Internship,Entry-level,Banking,Data Analytics,Data visualization,Economics,FinTech,Privacy,401(k) matching,Career development,Competitive pay,,,,"Banking, Data Analytics, Data visualization, Economics, FinTech, Privacy","401(k) matching, Career development, Competitive pay","data analytics intern: consumer economics banking, data analytics, data visualization, economics, fintech, privacy"
Guardant Health,Grad Intern: Bioinformatics/Assay Data Visualization and Analysis,"Palo Alto, CA, United States",Full Time,Entry-level,Data Analytics,Data visualization,Engineering,Matplotlib,PhD,Plotly,Career development,Health care,Salary bonus,,,,"Data Analytics, Data visualization, Engineering, Matplotlib, PhD, Plotly","Career development, Health care, Salary bonus","grad intern: bioinformatics/assay data visualization and analysis data analytics, data visualization, engineering, matplotlib, phd, plotly"
605,Data Operations Intern (Quality Assurance),"Syosset, New York, United States",Internship,Entry-level,Agile,Databricks,DataOps,Excel,Jira,PySpark,Startup environment,,,,,,"Agile, Databricks, DataOps, Excel, Jira, PySpark",Startup environment,"data operations intern (quality assurance) agile, databricks, dataops, excel, jira, pyspark"
Etsy,Data Science Intern,"Brooklyn, NY, United States",Full Time,Entry-level,Causal inference,Computer Science,Economics,Machine Learning,PhD,Python,Equity,,,,,,"Causal inference, Computer Science, Economics, Machine Learning, PhD, Python",Equity,"data science intern causal inference, computer science, economics, machine learning, phd, python"
CleverConnect,Data Engineer / Data Analyst - Stage de fin d'Ã©tudes - Paris 2e,"Paris, France",Full Time,Entry-level,Agile,Architecture,AWS,BigQuery,Dataflow,Data visualization,Career development,Yoga,,,,,"Agile, Architecture, AWS, BigQuery, Dataflow, Data visualization","Career development, Yoga","data engineer / data analyst - stage de fin d'Ã©tudes - paris 2e agile, architecture, aws, bigquery, dataflow, data visualization"
ManoMano,[Internship] - Junior Data Scientist #2 (W/M),Paris 75017,Internship,Entry-level,Agile,Biology,Computer Science,Data analysis,E-commerce,Economics,Career development,Conferences,Flex vacation,,,,"Agile, Biology, Computer Science, Data analysis, E-commerce, Economics","Career development, Conferences, Flex vacation","[internship] - junior data scientist #2 (w/m) agile, biology, computer science, data analysis, e-commerce, economics"
ManoMano,[Internship] - Junior Data Scientist #1 (W/M),Paris 75017,Internship,Entry-level,Agile,Biology,Computer Science,Data analysis,E-commerce,Economics,Career development,Conferences,Flex vacation,,,,"Agile, Biology, Computer Science, Data analysis, E-commerce, Economics","Career development, Conferences, Flex vacation","[internship] - junior data scientist #1 (w/m) agile, biology, computer science, data analysis, e-commerce, economics"
Western Digital,PhD Intern - Data Science,"Bengaluru, India",Internship,Entry-level,Big Data,Computer Science,Data Analytics,Deep Learning,Engineering,Linear algebra,Career development,Medical leave,,,,,"Big Data, Computer Science, Data Analytics, Deep Learning, Engineering, Linear algebra","Career development, Medical leave","phd intern - data science big data, computer science, data analytics, deep learning, engineering, linear algebra"
Bosch Group,Jr Data Engineer - Internship,"Cernusco sul Naviglio, Italy",Full Time,Entry-level,Business Intelligence,Computer Science,Data analysis,Engineering,Industrial,Mathematics,Startup environment,,,,,,"Business Intelligence, Computer Science, Data analysis, Engineering, Industrial, Mathematics",Startup environment,"jr data engineer - internship business intelligence, computer science, data analysis, engineering, industrial, mathematics"
605,Engineering Intern (Data Engineering),"Syosset, New York, United States",Internship,Entry-level,Agile,Architecture,AWS,Azure,Big Data,Data visualization,Career development,Startup environment,,,,,"Agile, Architecture, AWS, Azure, Big Data, Data visualization","Career development, Startup environment","engineering intern (data engineering) agile, architecture, aws, azure, big data, data visualization"
Enterpret,[Internship] Machine Learning,Remote (India),Internship,Entry-level,Deep Learning,Linear algebra,Machine Learning,NLP,NumPy,Pandas,Career development,,,,,,"Deep Learning, Linear algebra, Machine Learning, NLP, NumPy, Pandas",Career development,"[internship] machine learning deep learning, linear algebra, machine learning, nlp, numpy, pandas"
Lightcast,Research Analyst Intern (Summer 2023 ),Remote (Work From Home) US,Internship,Entry-level,Consulting,Economics,Excel,Python,Research,SQL,Career development,Team events,,,,,"Consulting, Economics, Excel, Python, Research, SQL","Career development, Team events","research analyst intern (summer 2023 ) consulting, economics, excel, python, research, sql"
605,Data Operations Intern (Data Management),"Syosset, New York, United States",Internship,Entry-level,Agile,Databricks,Data management,DataOps,Data quality,Excel,Startup environment,,,,,,"Agile, Databricks, Data management, DataOps, Data quality, Excel",Startup environment,"data operations intern (data management) agile, databricks, data management, dataops, data quality, excel"
"Chemix, Inc.",Machine Learning Research Engineer Internship,"Sunnyvale, California, United States",Internship,Entry-level,Chemistry,CI/CD,Git,Machine Learning,ML models,NumPy,401(k) matching,Career development,Equity,,,,"Chemistry, CI/CD, Git, Machine Learning, ML models, NumPy","401(k) matching, Career development, Equity","machine learning research engineer internship chemistry, ci/cd, git, machine learning, ml models, numpy"
Fifty-Five,Data Scientist Intern,"Paris, ÃŽle-de-France, France",Internship,Entry-level,Deep Learning,NumPy,Pandas,Python,R,R&D,Career development,,,,,,"Deep Learning, NumPy, Pandas, Python, R, R&D",Career development,"data scientist intern deep learning, numpy, pandas, python, r, r&d"
Western Digital,"Intern, Data Engineering - Digital Innovation (Summer 2023)","Milpitas, CA, United States",Full Time,Entry-level,Computer Science,Data analysis,Data pipelines,Data quality,EDA,Engineering,Medical leave,,,,,,"Computer Science, Data analysis, Data pipelines, Data quality, EDA, Engineering",Medical leave,"intern, data engineering - digital innovation (summer 2023) computer science, data analysis, data pipelines, data quality, eda, engineering"
Zeta Global,Data Science & Analytics Intern,"New York City, NY",Internship,Entry-level,Business Intelligence,Data pipelines,ETL,Machine Learning,MySQL,Pipelines,Lunch / meals,Team events,,,,,"Business Intelligence, Data pipelines, ETL, Machine Learning, MySQL, Pipelines","Lunch / meals, Team events","data science & analytics intern business intelligence, data pipelines, etl, machine learning, mysql, pipelines"
Bosch Group,AI/ML Graduate Intern with Focus on AI Engineering (6 - 12 Months),"Mount Prospect, IL, United States",Internship,Entry-level,AWS,Azure,Computer Science,Engineering,GCP,Industrial,,,,,,,"AWS, Azure, Computer Science, Engineering, GCP, Industrial",,"ai/ml graduate intern with focus on ai engineering (6 - 12 months) aws, azure, computer science, engineering, gcp, industrial"
takealot.com,Data Analytics Intern,Cape Town,Internship,Entry-level,Data Analytics,E-commerce,,,,,Career development,Competitive pay,Flex vacation,,,,"Data Analytics, E-commerce","Career development, Competitive pay, Flex vacation","data analytics intern data analytics, e-commerce"
"Recorded Future, Inc.",Data Science Intern,"Boston, MA",Internship,Entry-level,Python,Security,,,,,Startup environment,,,,,,"Python, Security",Startup environment,"data science intern python, security"
Verisk,Data Analytics Intern (Pricing Analyst) - 2023  Summer Internship Program - CR,"KrakÃ³w, Poland",Part Time,Entry-level,Business Intelligence,Data analysis,Data Analytics,Data management,Data quality,Data visualization,Career development,Equity,Insurance,,,,"Business Intelligence, Data analysis, Data Analytics, Data management, Data quality, Data visualization","Career development, Equity, Insurance","data analytics intern (pricing analyst) - 2023  summer internship program - cr business intelligence, data analysis, data analytics, data management, data quality, data visualization"
Unite Us,Internship: Data Analyst Intern,New York City,Internship,Entry-level,Computer Science,Data Analytics,Mathematics,Physics,SQL,Statistics,Startup environment,,,,,,"Computer Science, Data Analytics, Mathematics, Physics, SQL, Statistics",Startup environment,"internship: data analyst intern computer science, data analytics, mathematics, physics, sql, statistics"
CleverConnect,Data Analyst - Stage de fin d'Ã©tudes - Paris 2e,"Paris, France",Full Time,Entry-level,Agile,Architecture,AWS,BigQuery,Dataflow,Data visualization,Career development,Yoga,,,,,"Agile, Architecture, AWS, BigQuery, Dataflow, Data visualization","Career development, Yoga","data analyst - stage de fin d'Ã©tudes - paris 2e agile, architecture, aws, bigquery, dataflow, data visualization"
Bosch Group,Internship Big Data for Fleet Validation,"Stuttgart, Germany",Full Time,Entry-level,Agile,Azure,Big Data,Data analysis,Databricks,Engineering,Startup environment,,,,,,"Agile, Azure, Big Data, Data analysis, Databricks, Engineering",Startup environment,"internship big data for fleet validation agile, azure, big data, data analysis, databricks, engineering"
CleverConnect,Data Engineer - Stage de fin d'Ã©tudes - Paris 2e,"Paris, France",Full Time,Entry-level,Agile,Architecture,AWS,BigQuery,Dataflow,Data visualization,Career development,Yoga,,,,,"Agile, Architecture, AWS, BigQuery, Dataflow, Data visualization","Career development, Yoga","data engineer - stage de fin d'Ã©tudes - paris 2e agile, architecture, aws, bigquery, dataflow, data visualization"
Balbix,AI/ML Summer Intern,"San Jose, CA",Internship,Entry-level,Data pipelines,Distributed Systems,Engineering,Linear algebra,Machine Learning,ML infrastructure,Career development,Flex vacation,Health care,,,,"Data pipelines, Distributed Systems, Engineering, Linear algebra, Machine Learning, ML infrastructure","Career development, Flex vacation, Health care","ai/ml summer intern data pipelines, distributed systems, engineering, linear algebra, machine learning, ml infrastructure"
Unite Us,Internship: Data Science Intern,New York City,Internship,Entry-level,Computer Science,Mathematics,Pandas,Physics,Python,Research,Career development,,,,,,"Computer Science, Mathematics, Pandas, Physics, Python, Research",Career development,"internship: data science intern computer science, mathematics, pandas, physics, python, research"
Syngenta Group,Data Scientist Trainee (m/w/d),"Frankfurt am Main, Germany",Full Time,Entry-level,AWS,Big Data,Data Mining,Deep Learning,Machine Learning,NoSQL,,,,,,,"AWS, Big Data, Data Mining, Deep Learning, Machine Learning, NoSQL",,"data scientist trainee (m/w/d) aws, big data, data mining, deep learning, machine learning, nosql"
Dyno Therapeutics,Machine Learning Engineer Summer 2023 Internship,"Watertown, MA",Internship,Entry-level,Biology,Computer Science,Engineering,Machine Learning,Mathematics,ML infrastructure,Startup environment,,,,,,"Biology, Computer Science, Engineering, Machine Learning, Mathematics, ML infrastructure",Startup environment,"machine learning engineer summer 2023 internship biology, computer science, engineering, machine learning, mathematics, ml infrastructure"
Burro,Machine Learning Internship,"Philadelphia, PA",Internship,Entry-level,Computer Vision,CUDA,Deep Learning,Engineering,GPU,Machine Learning,,,,,,,"Computer Vision, CUDA, Deep Learning, Engineering, GPU, Machine Learning",,"machine learning internship computer vision, cuda, deep learning, engineering, gpu, machine learning"
Publicis Groupe,Digital Data Analyst,"BogotÃ¡, Colombia",Full Time,Entry-level,Data Studio,Excel,Jira,Spark,,,,,,,,,"Data Studio, Excel, Jira, Spark",,"digital data analyst data studio, excel, jira, spark"
Shift Technology,Data Scientist (End-of-studies Internship),France - Paris,Internship,Entry-level,Big Data,Chatbots,Computer Science,Engineering,Machine Learning,Mathematics,Career development,Competitive pay,Equity,,,,"Big Data, Chatbots, Computer Science, Engineering, Machine Learning, Mathematics","Career development, Competitive pay, Equity","data scientist (end-of-studies internship) big data, chatbots, computer science, engineering, machine learning, mathematics"
Outrider,Data Analyst Intern,"Golden, Colorado",Internship,Entry-level,Athena,AWS,Computer Science,Data analysis,Data Analytics,Data visualization,,,,,,,"Athena, AWS, Computer Science, Data analysis, Data Analytics, Data visualization",,"data analyst intern athena, aws, computer science, data analysis, data analytics, data visualization"
Guardant Health,"Bioinformatics Intern, Machine Learning","Palo Alto, CA, United States",Full Time,Entry-level,AWS,Biology,Data analysis,Genetics,Git,GitHub,Career development,Health care,Salary bonus,,,,"AWS, Biology, Data analysis, Genetics, Git, GitHub","Career development, Health care, Salary bonus","bioinformatics intern, machine learning aws, biology, data analysis, genetics, git, github"
Bosch Group,AI/ML Graduate Intern with Focus on AI Engineering,"Mount Prospect, IL, United States",Internship,Entry-level,AWS,Azure,Computer Science,Engineering,GCP,Industrial,,,,,,,"AWS, Azure, Computer Science, Engineering, GCP, Industrial",,"ai/ml graduate intern with focus on ai engineering aws, azure, computer science, engineering, gcp, industrial"
Publicis Groupe,Summer Internship - Data Science / Advanced Analytics,"Los Angeles, CA, United States",Part Time,Entry-level,Excel,R,,,,,Career development,,,,,,"Excel, R",Career development,"summer internship - data science / advanced analytics excel, r"
Fetch,Data Analytics Internship,"Madison, WI",Internship,Entry-level,Data Analytics,Grafana,Python,SQL,Statistics,Tableau,Flex vacation,,,,,,"Data Analytics, Grafana, Python, SQL, Statistics, Tableau",Flex vacation,"data analytics internship data analytics, grafana, python, sql, statistics, tableau"
Vention,Computer vision Developer Intern,"MontrÃ©al, QC, Canada",Internship,Entry-level,Computer Vision,Distributed Systems,GPU,JavaScript,Jupyter,Mathematics,Startup environment,,,,,,"Computer Vision, Distributed Systems, GPU, JavaScript, Jupyter, Mathematics",Startup environment,"computer vision developer intern computer vision, distributed systems, gpu, javascript, jupyter, mathematics"
Guardant Health,Machine Learning/Artificial Intelligence Intern,"Palo Alto, CA, United States",Internship,Entry-level,Biology,Computer Science,HPC,Linux,Machine Learning,NLP,Career development,Equity,Health care,,,,"Biology, Computer Science, HPC, Linux, Machine Learning, NLP","Career development, Equity, Health care","machine learning/artificial intelligence intern biology, computer science, hpc, linux, machine learning, nlp"
Bosch Group,"Academic Internship - Deep Learning, Synthetic Data","Braga, Portugal",Internship,Entry-level,Autonomous Driving,Computer Science,Computer Vision,Deep Learning,Lidar,Machine Learning,Career development,Flex hours,,,,,"Autonomous Driving, Computer Science, Computer Vision, Deep Learning, Lidar, Machine Learning","Career development, Flex hours","academic internship - deep learning, synthetic data autonomous driving, computer science, computer vision, deep learning, lidar, machine learning"
Bosch Group,"Academic Internship - Deep Learning, Multi-Task","Braga, Portugal",Internship,Entry-level,Computer Science,Computer Vision,Deep Learning,Lidar,Machine Learning,Physics,Career development,Flex hours,,,,,"Computer Science, Computer Vision, Deep Learning, Lidar, Machine Learning, Physics","Career development, Flex hours","academic internship - deep learning, multi-task computer science, computer vision, deep learning, lidar, machine learning, physics"
Western Digital,"Phd -Interns, Data Scientist","Bengaluru, India",Full Time,Entry-level,Big Data,Computer Science,Data Analytics,Engineering,Machine Learning,PhD,,,,,,,"Big Data, Computer Science, Data Analytics, Engineering, Machine Learning, PhD",,"phd -interns, data scientist big data, computer science, data analytics, engineering, machine learning, phd"
Guardant Health,"Business Application Intern, Machine Learning","Palo Alto, CA, United States",Internship,Entry-level,Architecture,AWS,Computer Science,Engineering,Machine Learning,Privacy,Career development,Equity,Health care,,,,"Architecture, AWS, Computer Science, Engineering, Machine Learning, Privacy","Career development, Equity, Health care","business application intern, machine learning architecture, aws, computer science, engineering, machine learning, privacy"
Snyk,Data Analytics Intern,Boston,Internship,Entry-level,Computer Science,Data Analytics,Looker,Prototyping,Security,SQL,Career development,Flex hours,Flex vacation,,,,"Computer Science, Data Analytics, Looker, Prototyping, Security, SQL","Career development, Flex hours, Flex vacation","data analytics intern computer science, data analytics, looker, prototyping, security, sql"
Publicis Groupe,Data Sciences Intern(Smart's),"Madrid, Spain",Part Time,Entry-level,Data analysis,Economics,Engineering,Mathematics,.NET,RDBMS,Startup environment,,,,,,"Data analysis, Economics, Engineering, Mathematics, .NET, RDBMS",Startup environment,"data sciences intern(smart's) data analysis, economics, engineering, mathematics, .net, rdbms"
CGG,Internship â€“ Machine Learning/MLOps Engineer (6 months),"Massy, France",Full Time,Entry-level,CI/CD,Computer Science,Engineering,HPC,Machine Learning,MLFlow,Career development,Startup environment,,,,,"CI/CD, Computer Science, Engineering, HPC, Machine Learning, MLFlow","Career development, Startup environment","internship â€“ machine learning/mlops engineer (6 months) ci/cd, computer science, engineering, hpc, machine learning, mlflow"
Western Digital,"Intern, Data Engineering (Summer 2023)","San Jose, CA, United States",Internship,Entry-level,AWS,Big Data,Computer Science,Data analysis,Data Analytics,Data pipelines,Career development,Competitive pay,Equity,,,,"AWS, Big Data, Computer Science, Data analysis, Data Analytics, Data pipelines","Career development, Competitive pay, Equity","intern, data engineering (summer 2023) aws, big data, computer science, data analysis, data analytics, data pipelines"
Bosch Group,Internship Embedded AI Engineering,"Reutlingen, Germany",Full Time,Entry-level,Computer Science,Deep Learning,Engineering,Machine Learning,Mathematics,Physics,Career development,,,,,,"Computer Science, Deep Learning, Engineering, Machine Learning, Mathematics, Physics",Career development,"internship embedded ai engineering computer science, deep learning, engineering, machine learning, mathematics, physics"
Rokt,Data Analyst Intern,"New York City, United States",Internship,Entry-level,Agile,Big Data,Business Analytics,Computer Science,Data analysis,E-commerce,Career development,Equity,Home office stipend,,,,"Agile, Big Data, Business Analytics, Computer Science, Data analysis, E-commerce","Career development, Equity, Home office stipend","data analyst intern agile, big data, business analytics, computer science, data analysis, e-commerce"
Shippeo,Data Scientist - Internship,"Paris, France",Internship,Entry-level,Classification,Machine Learning,ML models,NumPy,Pandas,Python,,,,,,,"Classification, Machine Learning, ML models, NumPy, Pandas, Python",,"data scientist - internship classification, machine learning, ml models, numpy, pandas, python"
Vention,Computer vision Developer,"MontrÃ©al, QC, Canada",Full Time,Entry-level,Computer Vision,Distributed Systems,GPU,JavaScript,Jupyter,Mathematics,Startup environment,,,,,,"Computer Vision, Distributed Systems, GPU, JavaScript, Jupyter, Mathematics",Startup environment,"computer vision developer computer vision, distributed systems, gpu, javascript, jupyter, mathematics"
CleverConnect,Data Engineer / Data Analyst - Stage de fin d'Ã©tudes - Paris 2e,"Paris, France",Full Time,Entry-level,Agile,Architecture,AWS,BigQuery,Dataflow,Data visualization,Career development,Yoga,,,,,"Agile, Architecture, AWS, BigQuery, Dataflow, Data visualization","Career development, Yoga","data engineer / data analyst - stage de fin d'Ã©tudes - paris 2e agile, architecture, aws, bigquery, dataflow, data visualization"
Abarca Health,"Intern, Data Engineer",Remote,Internship,Entry-level,Business Intelligence,Computer Science,ELT,Engineering,Healthcare technology,Snowflake,Flex hours,Health care,,,,,"Business Intelligence, Computer Science, ELT, Engineering, Healthcare technology, Snowflake","Flex hours, Health care","intern, data engineer business intelligence, computer science, elt, engineering, healthcare technology, snowflake"
Frazer-Nash Consultancy,Data Science and Systems Engineers - Summer Intern 2023,"UK, Great Britain, United Kingdom",Internship,Entry-level,Agile,Computer Science,Consulting,Engineering,Excel,Mathematics,Career development,Competitive pay,Flex hours,,,,"Agile, Computer Science, Consulting, Engineering, Excel, Mathematics","Career development, Competitive pay, Flex hours","data science and systems engineers - summer intern 2023 agile, computer science, consulting, engineering, excel, mathematics"
Plume Labs,AI Engineer Internship,"Paris, ÃŽle-de-France, France - Remote",Internship,Entry-level,Agile,APIs,Deep Learning,Keras,Machine Learning,NumPy,Career development,Flex hours,Startup environment,,,,"Agile, APIs, Deep Learning, Keras, Machine Learning, NumPy","Career development, Flex hours, Startup environment","ai engineer internship agile, apis, deep learning, keras, machine learning, numpy"
Lyft,Canada - Early Talent - Supply Chain Data Analyst Intern (Summer 2023),"Montreal, Canada",Internship,Entry-level,Business Analytics,Data analysis,Excel,Jira,Power BI,SQL,Health care,,,,,,"Business Analytics, Data analysis, Excel, Jira, Power BI, SQL",Health care,"canada - early talent - supply chain data analyst intern (summer 2023) business analytics, data analysis, excel, jira, power bi, sql"
Metropolis,Machine Learning Engineer Intern,"Seattle, WA or Santa Monica, CA",Internship,Entry-level,Architecture,Computer Vision,CUDA,cuDNN,Deep Learning,DenseNet,Startup environment,,,,,,"Architecture, Computer Vision, CUDA, cuDNN, Deep Learning, DenseNet",Startup environment,"machine learning engineer intern architecture, computer vision, cuda, cudnn, deep learning, densenet"
BenevolentAI,AI Scientist Internship,"London, England, United Kingdom",Internship,Entry-level,Architecture,Biology,Chemistry,Computer Science,Deep Learning,Drug discovery,Career development,Health care,,,,,"Architecture, Biology, Chemistry, Computer Science, Deep Learning, Drug discovery","Career development, Health care","ai scientist internship architecture, biology, chemistry, computer science, deep learning, drug discovery"
Netcetera,"Spring Internship Program - Machine Learning Engineer (Skopje, Bitola, Ohrid)","Skopje, Greater Skopje, North Macedonia",Internship,Entry-level,Computer Science,Computer Vision,Deep Learning,Machine Learning,NLP,NumPy,Career development,Conferences,Flex hours,,,,"Computer Science, Computer Vision, Deep Learning, Machine Learning, NLP, NumPy","Career development, Conferences, Flex hours","spring internship program - machine learning engineer (skopje, bitola, ohrid) computer science, computer vision, deep learning, machine learning, nlp, numpy"
Ubisoft,Stagiaire Data Analyst (F/H/NB),"Bordeaux, France",Full Time,Entry-level,Airflow,ETL,Git,Hadoop,PySpark,Python,,,,,,,"Airflow, ETL, Git, Hadoop, PySpark, Python",,"stagiaire data analyst (f/h/nb) airflow, etl, git, hadoop, pyspark, python"
Etsy,Data Science Intern,"Brooklyn, NY, United States",Full Time,Entry-level,Computer Vision,Data Mining,Deep Learning,Diffusion models,E-commerce,ICLR,Career development,Conferences,Equity,,,,"Computer Vision, Data Mining, Deep Learning, Diffusion models, E-commerce, ICLR","Career development, Conferences, Equity","data science intern computer vision, data mining, deep learning, diffusion models, e-commerce, iclr"
BenevolentAI,Bioinformatics Data Scientist Internship,"London, England, United Kingdom",Internship,Entry-level,Biology,Causal inference,Data Analytics,Data pipelines,Drug discovery,Engineering,Career development,,,,,,"Biology, Causal inference, Data Analytics, Data pipelines, Drug discovery, Engineering",Career development,"bioinformatics data scientist internship biology, causal inference, data analytics, data pipelines, drug discovery, engineering"
Vitol,Data Science Intern,"London, United Kingdom",Full Time,Entry-level,APIs,Architecture,Data analysis,Power BI,Python,SQL,,,,,,,"APIs, Architecture, Data analysis, Power BI, Python, SQL",,"data science intern apis, architecture, data analysis, power bi, python, sql"
BenevolentAI,Data Scientist Internship,"London, England, United Kingdom",Internship,Entry-level,Biology,Data analysis,Data quality,Drug discovery,Jupyter,Machine Learning,Career development,,,,,,"Biology, Data analysis, Data quality, Drug discovery, Jupyter, Machine Learning",Career development,"data scientist internship biology, data analysis, data quality, drug discovery, jupyter, machine learning"
Trust Lab,Data Science Intern | Greece,Remotely,Internship,Entry-level,Computer Science,Data analysis,Data Analytics,Data Studio,Engineering,Machine Learning,Career development,Competitive pay,Equity,,,,"Computer Science, Data analysis, Data Analytics, Data Studio, Engineering, Machine Learning","Career development, Competitive pay, Equity","data science intern | greece computer science, data analysis, data analytics, data studio, engineering, machine learning"
Spotify,"Summer Internship, Data Scientist | Content Business (US)",New York City,Internship,Entry-level,Computer Science,Economics,Machine Learning,Mathematics,ML models,PhD,Career development,,,,,,"Computer Science, Economics, Machine Learning, Mathematics, ML models, PhD",Career development,"summer internship, data scientist | content business (us) computer science, economics, machine learning, mathematics, ml models, phd"
Sia Partners,Stage de fin d'Ã©tudes - Consultant(e) Data Management,"Paris, France",Full Time,Entry-level,APIs,Architecture,AWS,Azure,Big Data,Business Intelligence,,,,,,,"APIs, Architecture, AWS, Azure, Big Data, Business Intelligence",,"stage de fin d'Ã©tudes - consultant(e) data management apis, architecture, aws, azure, big data, business intelligence"
FarmWise,Machine Learning Intern,"Paris, France (Hybrid)",Internship,Entry-level,AWS,Computer Vision,Deep Learning,GCP,Git,GPU,,,,,,,"AWS, Computer Vision, Deep Learning, GCP, Git, GPU",,"machine learning intern aws, computer vision, deep learning, gcp, git, gpu"
Spotify,"Summer Internship, Machine Learning Engineer Intern | Platform Mission (US)",New York City,Internship,Entry-level,A/B testing,Agile,Cassandra,Classification,Data quality,Flink,Career development,Home office stipend,,,,,"A/B testing, Agile, Cassandra, Classification, Data quality, Flink","Career development, Home office stipend","summer internship, machine learning engineer intern | platform mission (us) a/b testing, agile, cassandra, classification, data quality, flink"
AccuWeather,Data Developer Intern,"Remote or State College, PA",Internship,Entry-level,DataOps,,,,,,,,,,,,DataOps,,data developer intern dataops
Strava,Machine Learning Engineering Intern,Remote (USA),Internship,Entry-level,Computer Science,Data Mining,Data pipelines,Deep Learning,Engineering,Hadoop,Career development,Health care,Team events,,,,"Computer Science, Data Mining, Data pipelines, Deep Learning, Engineering, Hadoop","Career development, Health care, Team events","machine learning engineering intern computer science, data mining, data pipelines, deep learning, engineering, hadoop"
GRESB,Climate Data Analyst - Intern (Asset Impact) | Paris or Berlin,"Paris, ÃŽle-de-France, France",Internship,Entry-level,Data analysis,Excel,Finance,Python,R,RDBMS,Career development,,,,,,"Data analysis, Excel, Finance, Python, R, RDBMS",Career development,"climate data analyst - intern (asset impact) | paris or berlin data analysis, excel, finance, python, r, rdbms"
Roblox,Data Science Intern - Causal Inference with Network Interference (Summer 2023),"San Mateo, CA, United States",Internship,Entry-level,Airflow,Big Data,Causal inference,Computer Science,Economics,Engineering,Career development,Equity,Flex hours,,,,"Airflow, Big Data, Causal inference, Computer Science, Economics, Engineering","Career development, Equity, Flex hours","data science intern - causal inference with network interference (summer 2023) airflow, big data, causal inference, computer science, economics, engineering"
Trigo,STAGE - Data Analyst POWER BI - H/F,"Nanterre, France",Full Time,Entry-level,Excel,Power BI,Robotics,RPA,SharePoint,,,,,,,,"Excel, Power BI, Robotics, RPA, SharePoint",,"stage - data analyst power bi - h/f excel, power bi, robotics, rpa, sharepoint"
Santen,Data Science Intern,"Emeryville, CA, United States",Full Time,Entry-level,Data analysis,R,SAS,Statistics,,,Flex hours,Startup environment,Team events,,,,"Data analysis, R, SAS, Statistics","Flex hours, Startup environment, Team events","data science intern data analysis, r, sas, statistics"
Spotify,"Summer Internship, Analytics Engineer | Content Business (US)",New York City,Internship,Entry-level,APIs,BigQuery,Computer Science,Engineering,ETL,PhD,Home office stipend,Startup environment,,,,,"APIs, BigQuery, Computer Science, Engineering, ETL, PhD","Home office stipend, Startup environment","summer internship, analytics engineer | content business (us) apis, bigquery, computer science, engineering, etl, phd"
Spotlab,Artificial Intelligence Research Internship,"Madrid, Spain",Internship,Entry-level,Caffe,Computer Science,Computer Vision,Deep Learning,Engineering,Keras,Career development,Health care,Startup environment,,,,"Caffe, Computer Science, Computer Vision, Deep Learning, Engineering, Keras","Career development, Health care, Startup environment","artificial intelligence research internship caffe, computer science, computer vision, deep learning, engineering, keras"
Fetch,Data Analytics Internship,"Birmingham, AL",Internship,Entry-level,Data Analytics,Grafana,Python,SQL,Statistics,Tableau,Flex vacation,,,,,,"Data Analytics, Grafana, Python, SQL, Statistics, Tableau",Flex vacation,"data analytics internship data analytics, grafana, python, sql, statistics, tableau"
Sayari,Data Engineer Intern,United States - Remote,Internship,Entry-level,Airflow,AWS,Azure,Engineering,ETL,GCP,401(k) matching,Career development,Competitive pay,,,,"Airflow, AWS, Azure, Engineering, ETL, GCP","401(k) matching, Career development, Competitive pay","data engineer intern airflow, aws, azure, engineering, etl, gcp"
Spot AI,Data Analytics Engineer (Intern),"Hayward, California, United States",Internship,Entry-level,APIs,AWS,BigQuery,Computer Science,Data Analytics,Databricks,Career development,,,,,,"APIs, AWS, BigQuery, Computer Science, Data Analytics, Databricks",Career development,"data analytics engineer (intern) apis, aws, bigquery, computer science, data analytics, databricks"
Gameloft,Data Analyst Intern - Summer 2023,"Toronto, ON, Canada",Internship,Entry-level,Computer Science,Data visualization,Mathematics,SQL,Statistics,,Career development,Flex hours,Flex vacation,,,,"Computer Science, Data visualization, Mathematics, SQL, Statistics","Career development, Flex hours, Flex vacation","data analyst intern - summer 2023 computer science, data visualization, mathematics, sql, statistics"
Spotify,"Summer Internship, Product Management | Data Management (US)",New York City,Internship,Entry-level,Agile,Big Data,Computer Science,Data management,Economics,Engineering,Home office stipend,,,,,,"Agile, Big Data, Computer Science, Data management, Economics, Engineering",Home office stipend,"summer internship, product management | data management (us) agile, big data, computer science, data management, economics, engineering"
Bosch Group,Intern | Machine Learning (Generative AI),"Singapore, Singapore",Internship,Entry-level,Computer Science,Data analysis,Deep Learning,EDA,Engineering,Feature engineering,Career development,,,,,,"Computer Science, Data analysis, Deep Learning, EDA, Engineering, Feature engineering",Career development,"intern | machine learning (generative ai) computer science, data analysis, deep learning, eda, engineering, feature engineering"
Gojek,Data Science Intern - Payments,Singapore,Internship,Entry-level,Caffe,Computer Vision,Deep Learning,Engineering,Keras,Machine Learning,Team events,,,,,,"Caffe, Computer Vision, Deep Learning, Engineering, Keras, Machine Learning",Team events,"data science intern - payments caffe, computer vision, deep learning, engineering, keras, machine learning"
Agot AI,"Deep Learning Infrastructure Intern (Summer, Full-Time)","Pittsburgh, PA",Internship,Entry-level,AWS,Computer Science,Computer Vision,Deep Learning,DevOps,Docker,Career development,Flex hours,Startup environment,,,,"AWS, Computer Science, Computer Vision, Deep Learning, DevOps, Docker","Career development, Flex hours, Startup environment","deep learning infrastructure intern (summer, full-time) aws, computer science, computer vision, deep learning, devops, docker"
Bosch Group,Embedded Machine Learning Intern for Sensors and Edge Devices,"Sunnyvale, CA, United States",Internship,Entry-level,ASIC Design,Classification,Computer Science,Data Mining,Engineering,Linux,,,,,,,"ASIC Design, Classification, Computer Science, Data Mining, Engineering, Linux",,"embedded machine learning intern for sensors and edge devices asic design, classification, computer science, data mining, engineering, linux"
Bugcrowd,Data Science Intern,United States,Internship,Entry-level,A/B testing,Data analysis,EDA,Engineering,Git,GitHub,,,,,,,"A/B testing, Data analysis, EDA, Engineering, Git, GitHub",,"data science intern a/b testing, data analysis, eda, engineering, git, github"
Believe,Data Analyst - Internship (H/F),"Paris, France",Internship,Entry-level,Power BI,,,,,,Career development,,,,,,Power BI,Career development,data analyst - internship (h/f) power bi
Snowflake Inc.,Data Engineer Intern,"Dublin, CA, USA",Internship,Entry-level,Computer Science,Data pipelines,Data warehouse,Distributed Systems,Engineering,Excel,Flex hours,Startup environment,Team events,,,,"Computer Science, Data pipelines, Data warehouse, Distributed Systems, Engineering, Excel","Flex hours, Startup environment, Team events","data engineer intern computer science, data pipelines, data warehouse, distributed systems, engineering, excel"
Mendix,Data Quality Management Internship,Rotterdam,Internship,Entry-level,AWS,Computer Science,Data quality,Engineering,Power BI,Privacy,Transparency,,,,,,"AWS, Computer Science, Data quality, Engineering, Power BI, Privacy",Transparency,"data quality management internship aws, computer science, data quality, engineering, power bi, privacy"
Smartsheet,"Product Design Intern, Data Integrations","-REMOTE, UK-",Internship,Entry-level,Agile,Engineering,Privacy,Prototyping,Research,UX,Career development,,,,,,"Agile, Engineering, Privacy, Prototyping, Research, UX",Career development,"product design intern, data integrations agile, engineering, privacy, prototyping, research, ux"
CleverConnect,Data Engineer / Data Analyst - Stage de fin d'Ã©tudes - Paris 2e,"Paris, France",Full Time,Entry-level,Agile,Architecture,AWS,BigQuery,Dataflow,Data visualization,Career development,Yoga,,,,,"Agile, Architecture, AWS, BigQuery, Dataflow, Data visualization","Career development, Yoga","data engineer / data analyst - stage de fin d'Ã©tudes - paris 2e agile, architecture, aws, bigquery, dataflow, data visualization"
CleverConnect,Data Analyst - Stage de fin d'Ã©tudes - Paris 2e,"Paris, France",Full Time,Entry-level,Agile,Architecture,AWS,BigQuery,Dataflow,Data visualization,Career development,Yoga,,,,,"Agile, Architecture, AWS, BigQuery, Dataflow, Data visualization","Career development, Yoga","data analyst - stage de fin d'Ã©tudes - paris 2e agile, architecture, aws, bigquery, dataflow, data visualization"
Bosch Group,"Intern, Robot Research Engineer","Singapore, Singapore",Internship,Entry-level,Computer Science,Engineering,Industrial,Machine Learning,Python,Research,Career development,,,,,,"Computer Science, Engineering, Industrial, Machine Learning, Python, Research",Career development,"intern, robot research engineer computer science, engineering, industrial, machine learning, python, research"
Amazon.com,Amazon Robotics - Applied Scientist Intern/Co-op - 2023,"Westborough, Massachusetts, USA",Full Time,Entry-level,Computer Science,Computer Vision,Engineering,Machine Learning,Mathematics,PhD,,,,,,,"Computer Science, Computer Vision, Engineering, Machine Learning, Mathematics, PhD",,"amazon robotics - applied scientist intern/co-op - 2023 computer science, computer vision, engineering, machine learning, mathematics, phd"
Spotify,"Summer Internship, Data Science | Music Mission (US)",New York City,Internship,Entry-level,A/B testing,Airflow,Biology,Computer Science,Data pipelines,Data visualization,Home office stipend,,,,,,"A/B testing, Airflow, Biology, Computer Science, Data pipelines, Data visualization",Home office stipend,"summer internship, data science | music mission (us) a/b testing, airflow, biology, computer science, data pipelines, data visualization"
Verisk,Data Science Intern - 2023 Summer Internship Program - CR,"KrakÃ³w, Poland",Part Time,Entry-level,Bayesian,Business Analytics,Classification,Data analysis,Engineering,Finance,Career development,Equity,Insurance,,,,"Bayesian, Business Analytics, Classification, Data analysis, Engineering, Finance","Career development, Equity, Insurance","data science intern - 2023 summer internship program - cr bayesian, business analytics, classification, data analysis, engineering, finance"
Relativity,Machine Learning Operations Intern - Summer 2023,Remote United States,Internship,Entry-level,AWS,Azure,Computer Science,Databricks,GCP,Linux,Career development,Flex hours,Flex vacation,,,,"AWS, Azure, Computer Science, Databricks, GCP, Linux","Career development, Flex hours, Flex vacation","machine learning operations intern - summer 2023 aws, azure, computer science, databricks, gcp, linux"
HRL Laboratories,Doctorate Intern in Machine Learning and Reasoning,"Calabasas, CA",Internship,Entry-level,Deep Learning,Machine intelligence,Machine Learning,Privacy,Python,PyTorch,401(k) matching,Career development,Competitive pay,,,,"Deep Learning, Machine intelligence, Machine Learning, Privacy, Python, PyTorch","401(k) matching, Career development, Competitive pay","doctorate intern in machine learning and reasoning deep learning, machine intelligence, machine learning, privacy, python, pytorch"
Dyania Health,NLP Applied Science Internship,"Jersey City, New Jersey, United States",Internship,Entry-level,Computer Science,Engineering,HuggingFace,Machine Learning,Mathematics,NLP,Conferences,Flex hours,,,,,"Computer Science, Engineering, HuggingFace, Machine Learning, Mathematics, NLP","Conferences, Flex hours","nlp applied science internship computer science, engineering, huggingface, machine learning, mathematics, nlp"
CleverConnect,Data Engineer - Stage de fin d'Ã©tudes - Paris 2e,"Paris, France",Full Time,Entry-level,Agile,Architecture,AWS,BigQuery,Dataflow,Data visualization,Career development,Yoga,,,,,"Agile, Architecture, AWS, BigQuery, Dataflow, Data visualization","Career development, Yoga","data engineer - stage de fin d'Ã©tudes - paris 2e agile, architecture, aws, bigquery, dataflow, data visualization"
Wisk Aero,Autonomy Engineering Summer Intern,"Mountain View, CA",Internship,Entry-level,C++,Computer Science,Computer Vision,Engineering,Genetics,Matlab,401(k) matching,Career development,Competitive pay,,,,"C++, Computer Science, Computer Vision, Engineering, Genetics, Matlab","401(k) matching, Career development, Competitive pay","autonomy engineering summer intern c++, computer science, computer vision, engineering, genetics, matlab"
METRO/MAKRO,Internship - Data Analytics with SQL,"BucureÈ™ti, Romania",Full Time,Entry-level,Cybernetics,Data Analytics,Engineering,Excel,SQL,Statistics,Career development,Flex hours,Startup environment,,,,"Cybernetics, Data Analytics, Engineering, Excel, SQL, Statistics","Career development, Flex hours, Startup environment","internship - data analytics with sql cybernetics, data analytics, engineering, excel, sql, statistics"
Freenome,Machine Learning Research Engineering Intern (Remote),"South San Francisco, California",Internship,Entry-level,Biology,Computer Science,Engineering,GPU,Machine Learning,Model training,Career development,Conferences,Medical leave,,,,"Biology, Computer Science, Engineering, GPU, Machine Learning, Model training","Career development, Conferences, Medical leave","machine learning research engineering intern (remote) biology, computer science, engineering, gpu, machine learning, model training"
Etsy,Data Science Intern,"Brooklyn, NY, United States",Full Time,Entry-level,Computer Vision,Data Mining,Deep Learning,Diffusion models,E-commerce,ICLR,Career development,Conferences,Equity,,,,"Computer Vision, Data Mining, Deep Learning, Diffusion models, E-commerce, ICLR","Career development, Conferences, Equity","data science intern computer vision, data mining, deep learning, diffusion models, e-commerce, iclr"
SchrÃ¶dinger,Life Science Data Engineer Intern,New York,Internship,Entry-level,APIs,Architecture,Biology,Chemistry,CI/CD,Computer Science,Career development,Lunch / meals,Startup environment,,,,"APIs, Architecture, Biology, Chemistry, CI/CD, Computer Science","Career development, Lunch / meals, Startup environment","life science data engineer intern apis, architecture, biology, chemistry, ci/cd, computer science"
Publicis Groupe,Data Analyst - Internship,"Milano, Italy",Full Time,Entry-level,Business Intelligence,Computer Science,Consulting,Mathematics,Statistics,,Flex hours,Wellness,,,,,"Business Intelligence, Computer Science, Consulting, Mathematics, Statistics","Flex hours, Wellness","data analyst - internship business intelligence, computer science, consulting, mathematics, statistics"
Believe,Junior Data Analyst - Stage (H/F),"Paris, France",Full Time,Entry-level,Business Intelligence,Excel,Power BI,Python,Streaming,Tableau,Transparency,,,,,,"Business Intelligence, Excel, Power BI, Python, Streaming, Tableau",Transparency,"junior data analyst - stage (h/f) business intelligence, excel, power bi, python, streaming, tableau"
Vitol,Data Science Intern,"London, United Kingdom",Full Time,Entry-level,APIs,Architecture,Data analysis,Power BI,Python,SQL,,,,,,,"APIs, Architecture, Data analysis, Power BI, Python, SQL",,"data science intern apis, architecture, data analysis, power bi, python, sql"
Adarga,Data Science Summer Internship Programme 2023,"London, United Kingdom",Internship,Entry-level,Deep Learning,Engineering,Machine Learning,NLP,Privacy,Research,Flex hours,,,,,,"Deep Learning, Engineering, Machine Learning, NLP, Privacy, Research",Flex hours,"data science summer internship programme 2023 deep learning, engineering, machine learning, nlp, privacy, research"
Bosch Group,"Intern, AI Engineer for HVAC","Singapore, Singapore",Internship,Entry-level,Computer Science,Engineering,Industrial,NumPy,OpenAI,Pandas,Career development,,,,,,"Computer Science, Engineering, Industrial, NumPy, OpenAI, Pandas",Career development,"intern, ai engineer for hvac computer science, engineering, industrial, numpy, openai, pandas"
Adarga,Data Science Intern 2023,"London, United Kingdom",Internship,Entry-level,Deep Learning,Engineering,Machine Learning,NLP,Privacy,Research,Flex hours,,,,,,"Deep Learning, Engineering, Machine Learning, NLP, Privacy, Research",Flex hours,"data science intern 2023 deep learning, engineering, machine learning, nlp, privacy, research"
Deloitte,Data Management Unit Intern,"Nakuru, Kenya",Internship,Entry-level,Consulting,Data analysis,Data management,Data quality,Data visualization,Excel,Career development,Startup environment,Team events,,,,"Consulting, Data analysis, Data management, Data quality, Data visualization, Excel","Career development, Startup environment, Team events","data management unit intern consulting, data analysis, data management, data quality, data visualization, excel"
CloudSEK,Machine Learning Intern,"Bengaluru, Karnataka, India",Internship,Entry-level,BERT,Elasticsearch,GPT,Keras,Machine Learning,ML models,Career development,Competitive pay,Flex hours,,,,"BERT, Elasticsearch, GPT, Keras, Machine Learning, ML models","Career development, Competitive pay, Flex hours","machine learning intern bert, elasticsearch, gpt, keras, machine learning, ml models"
"Nuro, Inc.","Applied Research, Machine Learning - PhD Summer Intern","Mountain View, California (HQ)",Internship,Entry-level,Autonomous Driving,Computer Science,Deep Learning,Generative modeling,ICLR,ICML,Career development,Conferences,,,,,"Autonomous Driving, Computer Science, Deep Learning, Generative modeling, ICLR, ICML","Career development, Conferences","applied research, machine learning - phd summer intern autonomous driving, computer science, deep learning, generative modeling, iclr, icml"
Spotify,"Summer Internship, Research Scientist, Audio Intelligence | Music Mission (EMEA or US)",Berlin,Internship,Entry-level,Computer Science,Engineering,GitHub,Machine Learning,Mathematics,NumPy,,,,,,,"Computer Science, Engineering, GitHub, Machine Learning, Mathematics, NumPy",,"summer internship, research scientist, audio intelligence | music mission (emea or us) computer science, engineering, github, machine learning, mathematics, numpy"
Bosch Group,Internship: Deep Learning based Lane and Road Edge Detection,"Leonberg, Germany",Full Time,Entry-level,Agile,Computer Science,Computer Vision,Deep Learning,Engineering,Python,Flex hours,,,,,,"Agile, Computer Science, Computer Vision, Deep Learning, Engineering, Python",Flex hours,"internship: deep learning based lane and road edge detection agile, computer science, computer vision, deep learning, engineering, python"
